New York, NY
San Francisco, CA
Chicago, IL
Atlanta, GA
Seattle, WA
San Diego, CA
Boston, MA
Dallas, TX
Los Angeles, CA
Charlotte, NC
Pittsburgh, PA
Philadelphia, PA
Houston, TX
Minneapolis, MN
St. Louis, MO
Irvine, CA
Denver, CO
Phoenix, AZ
Austin, TX
Columbus, OH
Raleigh, NC
San Antonio, TX
Cambridge, MA
Durham, NC
Tampa, FL
Nashville, TN
Miami, FL
Washington, DC
Irving, TX
Portland, OR
Cincinnati, OH
Plano, TX
Princeton, NJ
Hartford, CT
Indianapolis, IN
Richmond, VA
Sacramento, CA
Detroit, MI
Alpharetta, GA
Boulder, CO
Bellevue, WA
Tempe, AZ
Cleveland, OH
Wilmington, DE
Arlington, VA
San Jose, CA
Orlando, FL
Milwaukee, WI
Ann Arbor, MI
Huntsville, AL
Madison, WI
Kansas City, MO
Las Vegas, NV
Stamford, CT
Lake County, IL
Oak Ridge, TN
Albuquerque, NM
Fremont, CA
Santa Clara, CA
Dearborn, MI
Redmond, WA
Eden Prairie, MN
Jacksonville, FL
Salt Lake City, UT
Santa Monica, CA
Richardson, TX
Louisville, KY
San Francisco Bay Area, CA
Boise, ID
Birmingham, AL
Scottsdale, AZ
Palo Alto, CA
Pleasanton, CA
Fort Lauderdale, FL
Carlsbad, CA
Saint Petersburg, FL
Des Moines, IA
Dayton, OH
Costa Mesa, CA
McLean, VA
Dublin, OH
81,United States
Mountain View, CA
Cary, NC
Beaverton, OR
Honolulu, HI
Malvern, PA
Oklahoma City, OK
Burbank, CA
Omaha, NE
Colorado Springs, CO
Broomfield, CO
Riverwoods, IL
Rochester, MN
Jersey City, NJ
Sunnyvale, CA
Buffalo, NY
New Orleans, LA
Columbia, SC
El Segundo, CA
Overland Park, KS
Hillsboro, OR
Fort Worth, TX
Shelton, CT
Rochester, NY
King of Prussia, PA
Morrisville, NC
Oakland, CA
Knoxville, TN
Fort Washington, PA
Winston-Salem, NC
Memphis, TN
Thousand Oaks, CA
Northbrook, IL
Vista, CA
Santa Clara Valley, CA
Frisco, TX
Tucson, AZ
Anchorage, AK
Bothell, WA
Milpitas, CA
Plymouth Meeting, PA
Tulsa, OK
Chesterfield, MO
Deerfield, IL
Waltham, MA
Pasadena, CA
New Britain, CT
San Ramon, CA
Newport Beach, CA
Baltimore, MD
Chandler, AZ
Spring House, PA
Brookfield, WI
Saint Paul, MN
Little Rock, AR
Emeryville, CA
Collegeville, PA
Littleton, CO
Tallahassee, FL
Lincoln, NE
Charleston, SC
Tysons Corner, VA
Topeka, KS
Greensboro, NC
145,California
Menlo Park, CA
Spring, TX
Reston, VA
Louisville, CO
Titusville, NJ
Glendale, CA
Markham, IL
Livermore, CA
Basking Ridge, NJ
Troy, MI
Norfolk, VA
Wichita, KS
La Jolla, CA
Research Triangle Park, NC
Reno, NV
Fort Bragg, NC
Southfield, MI
Fort Gordon, GA
Englewood, CO
Greenwood Village, CO
New Haven, CT
Chattanooga, TN
Concord, CA
Springfield, IL
Rockville, MD
Lehi, UT
Estero, FL
Framingham, MA
Wayne, PA
Windsor, CT
College Station, TX
Goleta, CA
Bakersfield, CA
Norwalk, CT
Plymouth, MN
Bethesda, MD
Franklin, WI
Long Island City, NY
London, OR
Syracuse, NY
Birmingham, MI
Bloomington, MN
Aurora, CO
Fresno, CA
Brooklyn, NY
Providence, RI
Kirkland, WA
Farmington, CT
Tonopah, AZ
Redwood City, CA
Somerville, MA
Chapel Hill, NC
Baton Rouge, LA
El Paso, TX
Fort Wayne, IN
Bridgewater, NJ
Richfield, MN
Santa Ana, CA
Foster City, CA
Wpafb, OH
Mooresville, NC
Needham, MA
Boca Raton, FL
Danvers, MA
Westlake, OH
Fort Belvoir, VA
Kansas City, KS
Peoria, IL
Johnston, IA
Minnetonka, MN
Orange, CA
North Charleston, SC
San Mateo, CA
Fort Mill, SC
Allentown, PA
Woodland Hills, CA
Bloomington, IL
Manhattan, NY
Tysons, VA
Westlake, TX
Berkeley, CA
Chantilly, VA
Denton, TX
Lexington, MA
Pasadena, TX
Orange County, CA
Woodcliff Lake, NJ
Walnut Creek, CA
Sagaponack, NY
Round Rock, TX
Jackson, MS
Cerritos, CA
Bondurant, IA
Glen Allen, VA
Scott AFB, IL
Centennial, CO
San Clemente, CA
Billerica, MA
Schaumburg, IL
Purchase, NY
Horsham, PA
Whippany, NJ
Sioux Falls, SD
Vancouver, WA
Gaithersburg, MD
Trumbull, CT
Brentwood, TN
Herndon, VA
Bloomfield, CT
Clearwater, FL
Lexington, KY
Franklin, TN
Covington, KY
Redlands, CA
Annapolis Junction, MD
Lakeland, FL
Westlake Village, CA
West Point, PA
North Wales, PA
West Des Moines, IA
Patterson, CA
Lansing, MI
Lake Forest, CA
Mason, OH
Jefferson City, MO
South San Francisco, CA
272,Texas
Gilbert, AZ
Montgomery, AL
Florham Park, NJ
Nampa, ID
Hopkins, MN
Eagan, MN
Lithonia, GA
Norcross, GA
Newtown Square, PA
Westminster, CO
Carrboro, NC
Lawrenceville, GA
Lenexa, KS
Moline, IL
Rancho Cordova, CA
Watertown, MA
Playa Vista, CA
West Sacramento, CA
Trenton, NJ
Fort Eustis, VA
Columbia, MD
Wright-Patterson AFB, OH
Maplewood, MN
Carrollton, TX
Santa Barbara, CA
Springfield, MO
Teaneck, NJ
Wilmington, MA
Canonsburg, PA
Arlington, TX
Lake Forest, IL
Davis, CA
Newark, CA
Ridgefield, CT
Bedford, MA
East Lansing, MI
Wilmington, NC
Cypress, CA
Iowa City, IA
Mishawaka, IN
Branchburg, NJ
Vallejo, CA
Gainesville, FL
Groton, CT
Culver City, CA
Foothill Ranch, CA
East Hanover, NJ
Des Plaines, IL
Twinsburg, OH
North, VA
La Grange, KY
Aliso Viejo, CA
Virginia Beach, VA
Woburn, MA
Suwanee, GA
Hanover, NJ
Abbott Park, IL
Mahwah, NJ
Plainsboro, NJ
West Chester, PA
Sarasota, FL
Newark, DE
Columbia, MO
Radnor, PA
Grinnell, IA
Westborough, MA
Dania Beach, FL
Oldsmar, FL
Augusta, GA
Malibu, CA
Juno Beach, FL
Draper, UT
Alexandria, VA
Eugene, OR
Raritan, NJ
Altamonte Springs, FL
Richfield, OH
Sunrise, FL
Springfield, VA
Iselin, NJ
Ewing, NJ
Livonia, MI
Carson City, NV
Clearwater Beach, FL
Columbus, IN
Royal Oak, MI
Burlington, MA
Morton, IL
Lawrenceville, NJ
Minneapolis-Saint Paul, MN
Kennesaw, GA
Racine, WI
San Bruno, CA
Newton, MA
Coral Gables, FL
Coraopolis, PA
Ashland, MO
Monrovia, CA
Cranberry Township, PA
Duluth, GA
Sacramento County, CA
Murfreesboro, TN
Oakdale, TN
Forest, MS
Highland Heights, OH
Peabody, MA
Mount Pleasant, WI
Port Washington, NY
Gallatin, TN
Fairfax, VA
Conshohocken, PA
Shreveport, LA
Frankfort, KY
Dublin, CA
Westchester, IL
Pomona, CA
Lewisville, TX
South Pekin, IL
Mesquite, TX
Grand Terrace, CA
Rochester, MI
San Luis Obispo, CA
Hollywood, CA
Austin, MN
Allen Park, MI
Grand Prairie, TX
South Jordan, UT
Milford, MA
Northridge, CA
Waukesha, WI
Frederick, MD
Sandy Springs, GA
Newport, KY
Rosemont, IL
Las Colinas, TX
Fort Myers, FL
Ithaca, NY
Lonsdale, MN
Brisbane, CA
San Carlos, CA
Pataskala, OH
Ashburn, VA
Grand Haven, MI
Caldwell, NJ
Berwyn, PA
Sterling, VA
Diamond Bar, CA
High Point, NC
421,North Carolina
Sanger, CA
Middlebury, CT
North Little Rock, AR
Silver Spring, MD
Adams, TN
Jupiter, FL
Bala-Cynwyd, PA
Falls Church, VA
Loveland, CO
Parsippany, NJ
Sun City, CA
Foxborough, MA
Auburn Hills, MI
Newark, NJ
Pearl Harbor, HI
Oak Brook, IL
Manassas, VA
Queens, NY
Olympia, WA
New Brunswick, NJ
Seguin, TX
Vacaville, CA
Glenview, IL
Pompano Beach, FL
Davidson, NC
Brandon, TX
Lafayette, OR
Fairport, NY
Mayfield Heights, OH
Mesa, AZ
Melville, NY
Huntington Beach, CA
Tarrytown, NY
Laurel, MD
Cantrall, IL
Beverly Hills, MI
Mayfield Village, OH
Riegelwood, NC
Rome, NY
Wellesley, MA
Kohler, WI
Tigard, OR
Hinkley, CA
Council, NC
East Syracuse, NY
Doral, FL
Oakbrook Terrace, IL
Plymouth, MI
Riverdale, MD
Olivette, MO
Lake Mary, FL
Dallas-Fort Worth, TX
Cornelius, OR
Miami Lakes, FL
476,Virginia
Marlton, NJ
Albany, OR
Torrance, CA
Hollywood, FL
Sun City, FL
Chanhassen, MN
Germantown, MD
Camden, MO
Oxford, OH
Wyandotte, MI
Bradenton, FL
Hilliard, OH
Lemont, IL
Dana Point, CA
Lincolnshire, IL
Grand Rapids, MI
Leo-Cedarville, IN
Rosemont, CA
Maple Grove, MN
Hickam AFB, HI
Goodyear, AZ
Dayton, OR
Camden, NJ
Coronado, CA
Sterling Heights, MI
Bolingbrook, IL
Beverly Hills, CA
White Plains, NY
Middleton, WI
Menomonee Falls, WI
Doraville, GA
Wheatland, CA
Beachwood, OH
Hosford, FL
Beavercreek, OH
Franklin Lakes, NJ
Henderson, NV
Collierville, TN
Novi, MI
Woonsocket, RI
Spring Valley, NY
El Dorado Hills, CA
Chamblee, GA
Danville, CA
Flower Mound, TX
San Leandro, CA
Yardley, PA
Woodbridge, NJ
Allen, TX
Newtown, PA
Salem, OR
Buffalo Grove, IL
Evanston, IL
Farmington Hills, MI
Folsom, CA
Hoffman Estates, IL
Mounds View, MN
Midlothian, VA
Cold Spg Hbr, NY
Texas City, TX
Antioch, CA
Marshall, TX
539,Michigan
Southborough, MA
Westbury, NY
North Palm Beach, FL
Mill Neck, NY
West Bend, WI
Geneva, FL
North, SC
Palm Beach Gardens, FL
Brookeville, MD
DuPont, WA
Fort George G Mead Junction, MD
Colonial Heights, VA
Castle Rock, MN
Manatee County, FL
Collinsville, OH
Chillum, MD
Erwinna, PA
Christmas, FL
Bethpage, NY
Selma, CA
Dublin, GA
El Verano, CA
Edina, MN
Spencerville, MD
Offutt AFB, NE
Wawa, PA
Sibley, MO
Ocoee, TN
Charlestown, MA
Land O&#039; Lakes, FL
Pennington, NJ
Fort Sam Houston, TX
Milford, OH
O&#039;Fallon, IL
Monterey Park, CA
Greeley, CO
North Olmsted, OH
Golden Valley, MN
Savage, MD
Amboy, WA
Castle Rock, CO
Elizabethtown, NC
Franklinton, NC
Dodgeville, WI
Wayzata, MN
West Granby, CT
Township of Logan, NJ
Fort Shafter, HI
Lodi, CA
Evergreen, CO
Opportunity, WA
Offutt A F B, NE
Moraga, CA
Pelham, NY
Modesto, CA
Venus, TX
Sparks, MD
Pembroke Pines, FL
Egg Harbor Township, NJ
Cottontown, TN
North Reading, MA
New Jersey Wildlife and Game Refuge, NJ
Schertz, TX
Turlock, CA
Township of Libertyville, IL
Bowie, MD
Lake Worth, FL
New Providence, NJ
608,New Mexico
Allendale, MI
Fishers, IN
Penryn, CA
Laguna Hills, CA
Tucker, GA
Delray Beach, FL
Sugar Hill, GA
Middletown, CT
Falcon, CO
Hoover, AL
West Mifflin, PA
Cumming, GA
San Rafael, CA
Vienna, VA
Peachtree City, GA
Renton, WA
Telogia, FL
Tonawanda, NY
Frontenac, MO
Madison, NJ
Snellville, GA
Secaucus, NJ
Suburb Maryland Fac, MD
Tuckerton, NJ
Ringgold, GA
Hudson, MA
Park Ridge, IL
Nellis AFB, NV
Lebanon, OH
Niota, TN
Ferndale, FL
Addison, TX
Cheshire, CT
Belmont, TX
Durant, FL
McKinney, TX
Timonium, MD
Newberg, OR
Timberlake, NC
Annapolis, MD
Maryland Heights, MO
Long Island, NY
Corcoran, CA
Whitehall, MI
Lafayette, CA
Green Bay, WI
Prairieville, LA
Universal City, CA
Vauxhall, NJ
Charles City, VA
Fairview Heights, IL
Keyport, WA
Plantation, FL
Bardwell, TX
Kasson, MN
Upton, NY
Lantana, FL
Hammond, IN
Sachse, TX
Grapevine, TX
Hartsburg, MO
Meridian, ID
Doylestown, PA
Eyota, MN
North Billerica, MA
Paramus, NJ
Jackson, MI
Los Gatos, CA
Akron, OH
Coralville, IA
Cudahy, CA
680,Tennessee
Argyle, TX
Highland Falls, NY
Cheyenne, WY
Matteson, IL
Delano, CA
Wake County, NC
Anaheim, CA
Mobile, AL
Vineburg, CA
Columbus, NY
Hoboken, NJ
Center, IN
Nanuet, NY
Loma Linda, CA
Fairfield, OH
Peachtree Corners, GA
Odessa, FL
Bend, OR
Doswell, VA
Cheltenham, MD
701,Washington State
Virginia State University, VA
Manchester, NH
Weston, MA
Warren, MI
Adelphi, MD
Greenvale, NY
Adamstown, MD
Wellington, MO
Riverdale, NJ
Linthicum, MD
Dulles, VA
Emden, IL
Lorton, VA
Swedesboro, NJ
Short Hills, NJ
Warrendale, PA
Mount Horeb, WI
Lubbock, TX
720,Colorado
Verona, WI
Chesterfield County, VA
Blauvelt, NY
Kalamazoo, MI
Tracy, CA
Anacostia, DC
Orrick, MO
Beverly Shores, IN
Orrville, OH
Nyack, NY
Groveport, OH
Cedar Rapids, IA
Alameda, CA
Stewartville, MN
Spokane, WA
Marina del Rey, CA
Arden Hills, MN
Georgetown, TX
Troutdale, OR
Dedham, MA
Fair Oaks Ranch, TX
Liverpool, IL
Top, PA
Sonora, CA
Federal Way, WA
Euless, TX
Lake Elsinore, CA
Saline, MI
Coopersburg, PA
Ridgeland, MS
Pontiac, MI
Cherry Log, GA
Fort Meade, MD
Newton Upper Falls, MA
Montclair, NJ
Oakdale, MN
Montgomery County, PA
Atlantic Beach, NY
Lafayette, LA
Tustin, CA
Southaven, MS
Dinuba, CA
763,Oregon
Union Pier, MI
Camas, WA
Fort George G Meade, MD
Vicksburg, MS
Beavercreek, OR
Adairville, KY
Westwood, NJ
Morgan Hill, CA
Ashland City, TN
Conway, AR
San Juan Capistrano, CA
The Woodlands, TX
Montgomery City, MO
District Heights, MD
Fairburn, GA
Creedmoor, NC
Old Greenwich, CT
La Mirada, CA
Rancho Cucamonga, CA
Hanover, MD
Dawsonville, GA
Southlake, TX
Buena Park, CA
Gaston, OR
Chelmsford, MA
Murrieta, CA
Irwindale, CA
Clarksville, MD
Whitman, MA
Tualatin, OR
Riverside, CA
Old Fort, TN
Bloomington, IN
Rayville, MO
Moseley, VA
Golden, CO
Roswell, GA
New Holland, PA
Clayton, MO
Glassboro, NJ
Pittstown, NJ
Prince George, VA
Fayetteville, NC
Little Falls, NJ
Armonk, NY
Gainesville, GA
Highland, CA
Liverpool, NY
812,Nevada
Dalton, GA
Natick, MA
Forest Park, GA
Springfield, MA
North Augusta, SC
Martell, CA
819,Ohio
Fort Lee, NJ
Delafield, WI
La Vergne, TN
Brewster, NY
East Hartford, CT
Hunt Valley, MD
Encino, CA
Rosslyn, VA
Coral Springs, FL
Ames, IA
Atascosa, TX
Sanborn, NY
Hayward, CA
Dunwoody, GA
Tukwila, WA
Rohnert Park, CA
Temple Terrace, FL
Island, KY
Gwinnett County, GA
Fairfield, CT
Wilsonville, OR
Palm Springs, CA
Naval Base, VA
Barberton, OH
Kelly, NC
Hicksville, NY
Normal, IL
Edison, NJ
Shrewsbury, MA
Port Republic, MD
Larkspur, CA
Buckeye, AZ
Loudon, TN
Saint Charles, MO
Bynum, NC
Bloomfield, NJ
Celebration, FL
Lynwood, CA
Bartlesville, OK
Winthrop, MA
Mossville, IL
Smyrna, TN
Melbourne, FL
New Hyde Park, NY
Goodspring, TN
Blue Bell, PA
Belmont, CA
New Market, AL
Ypsilanti, MI
Merritt Island, FL
Blountstown, FL
Los Altos, CA
Cottonwood Heights, UT
Belding, MI
Oradell, NJ
La Crescenta, CA
Lotus, CA
Corvallis, OR
Buellton, CA
Lake Oswego, OR
Waleska, GA
Storrs, CT
La Porte, TX
Vernon, CA
Bridgeport, CT
Aiken County, SC
886,Florida
Kathleen, FL
Lees Summit, MO
Carmel, IN
Uniontown, OH
Crosbyton, TX
Madison, NY
Lisle, IL
Fargo, ND
Stovall, NC
Merced, CA
Braintree, MA
Midland Park, NJ
Flint, MI
Dolton, IL
New Castle, DE
Hollister, CA
Camp Pendleton, CA
Surprise, AZ
Smyrna, GA
Calabasas, CA
Greenwich, CT
Redan, GA
Belfast, TN
Washington, PA
Waterford, CT
Napoleon, MO
Sturtevant, WI
Hampton, VA
Minor Hill, TN
Schofield Barracks, HI
Garden Valley, CA
Springfield, OH
South Bend, IN
Hercules, CA
Langley AFB, VA
Park Ridge, NJ
Portsmouth, VA
San Fernando, CA
Glendale, AZ
Evergreen Park, IL
Red Wing, MN
Johnston, RI
Scotch Plains, NJ
Mandeville, LA
Era, TX
Lebanon, TN
Lackland AFB, TX
Rolling Meadows, IL
West Palm Beach, FL
North Andover, MA
937,New York State
New City, NY
San Bernardino, CA
Decatur, GA
Erlanger, KY
Geronimo, TX
Palm Beach, FL
Ontario, CA
Sonoma, CA
Shoreview, MN
Blue Springs, MO
Stanford, CA
Perris, CA
Crescent, PA
Greenacres, FL
Auburn, WA
Inglewood, CA
Rahway, NJ
Riverview, FL
Apollo Beach, FL
Solon, OH
Columbus, GA
Orlando, NY
Shawnee Mission, KS
Union City, CA
Holland, MI
Meriden, CT
Diablo, CA
Zephyrhills, FL
Grayson, GA
Suffern, NY
Brooklyn Park, MN
Santa Maria, CA
Fort Benning, GA
Lincoln, CA
East Palo Alto, CA
Azusa, CA
Trabuco Canyon, CA
Belmont, MI
Bear Valley Springs, CA
Venice, CA
Marana, AZ
Castro Valley, CA
Lavon, TX
Salisbury, NC
Josephine, TX
Lamont, MI
Olathe, KS
Nichols, FL
Greenbelt, MD
Chugiak, AK
Tewksbury, MA
Mebane, NC
Reading, PA
New Braunfels, TX
French Camp, CA
North Chicago, IL
Sylmar, CA
Quincy, MA
Weston, FL
New Hill, NC
Chula Vista, CA
Bronx, NY
Williamsville, NY
Setauket, NY
Brea, CA
Westerville, OH
Conyers, GA
Ridgefield Park, NJ
Franklin, MA
Smithfield, VA
Thayer, IL
Wilson, NC
O&#039;Fallon, MO
Orangeburg, SC
Newtown, CT
Roseville, CA
Webster, MA
Downers Grove, IL
Battle Creek, MI
Rockville, VA
Cherry Hill, DE
New Canaan, CT
Yamhill, OR
Depew, NY
Carefree, AZ
Monmouth Junction, NJ
Elyria, OH
Worcester, MA
Miami Beach, FL
Lawrence, KS
Bloomington, CA
Marysville, CA
Harper Woods, MI
Hampton Roads, VA
Lagunitas, CA
Edwardsville, IL
Dickerson, MD
Ambler, PA
Kenner, LA
Langhorne, PA
Riceville, TN
New Kensington, PA
Currie, NC
Walnut Grove, MS
Yorktown Heights, NY
