0,"New York, NY"
1,"Austin, TX"
2,"San Francisco, CA"
3,"Chicago, IL"
4,"Seattle, WA"
5,"Atlanta, GA"
6,"Washington, DC"
7,"Boston, MA"
8,"San Diego, CA"
9,"Dallas, TX"
10,"Los Angeles, CA"
11,"Charlotte, NC"
12,"Philadelphia, PA"
13,"Pittsburgh, PA"
14,"Houston, TX"
15,"Minneapolis, MN"
16,"St. Louis, MO"
17,"Denver, CO"
18,"Phoenix, AZ"
19,"Irvine, CA"
20,"Columbus, OH"
21,"Cambridge, MA"
22,"San Jose, CA"
23,"Raleigh, NC"
24,"Tampa, FL"
25,"San Antonio, TX"
26,"Durham, NC"
27,"Nashville, TN"
28,"Plano, TX"
29,"Miami, FL"
30,"Irving, TX"
31,"Salt Lake City, UT"
32,"Richmond, VA"
33,"Portland, OR"
34,"Hartford, CT"
35,"Princeton, NJ"
36,"Cincinnati, OH"
37,"Arlington, VA"
38,"Indianapolis, IN"
39,"Sacramento, CA"
40,"Santa Clara, CA"
41,"Bellevue, WA"
42,"Alpharetta, GA"
43,"Wilmington, DE"
44,"Detroit, MI"
45,"Orlando, FL"
46,"McLean, VA"
47,"Charlottesville, VA"
48,"Boulder, CO"
49,"Tempe, AZ"
50,"Ann Arbor, MI"
51,"Cleveland, OH"
52,"Stamford, CT"
53,"Huntsville, AL"
54,"Fremont, CA"
55,"Eden Prairie, MN"
56,"Redmond, WA"
57,"Las Vegas, NV"
58,"Baltimore, MD"
59,"Madison, WI"
60,"Milwaukee, WI"
61,"Lake County, IL"
62,"Kansas City, MO"
63,"Palo Alto, CA"
64,"Jersey City, NJ"
65,"Gaithersburg, MD"
66,"Albuquerque, NM"
67,"San Francisco Bay Area, CA"
68,"Des Moines, IA"
69,"Oak Ridge, TN"
70,"Jacksonville, FL"
71,"Dearborn, MI"
72,"Louisville, KY"
73,"Sunnyvale, CA"
74,"Richardson, TX"
75,"Santa Monica, CA"
76,"Birmingham, AL"
77,"Boise, ID"
78,"Rockville, MD"
79,"Mountain View, CA"
80,"Santa Clara Valley, CA"
81,"Bethesda, MD"
82,"Beaverton, OR"
83,"Malvern, PA"
84,"Reston, VA"
85,"Dayton, OH"
86,"Oakland, CA"
87,"Scottsdale, AZ"
88,"Cary, NC"
89,United States
90,"Fort Lauderdale, FL"
91,"Oklahoma City, OK"
92,"Burbank, CA"
93,"Carlsbad, CA"
94,"Broomfield, CO"
95,"Pleasanton, CA"
96,"Riverwoods, IL"
97,"Saint Petersburg, FL"
98,"Costa Mesa, CA"
99,"Basking Ridge, NJ"
100,"Hillsboro, OR"
101,"Draper, UT"
102,"Colorado Springs, CO"
103,"Lancaster, PA"
104,"Fort Worth, TX"
105,"Honolulu, HI"
106,"Rochester, MN"
107,"Dublin, OH"
108,"Lehi, UT"
109,"Waltham, MA"
110,"El Segundo, CA"
111,"Memphis, TN"
112,"Omaha, NE"
113,"Alexandria, VA"
114,"Emeryville, CA"
115,"Columbia, SC"
116,"Falls Church, VA"
117,"Annapolis Junction, MD"
118,"Santa Barbara, CA"
119,"Morrisville, NC"
120,"New Orleans, LA"
121,"Menlo Park, CA"
122,"Buffalo, NY"
123,"Milpitas, CA"
124,"Winston-Salem, NC"
125,"Plymouth Meeting, PA"
126,"Knoxville, TN"
127,"Herndon, VA"
128,"King of Prussia, PA"
129,"Overland Park, KS"
130,"Chandler, AZ"
131,"Titusville, NJ"
132,"Shelton, CT"
133,"Northbrook, IL"
134,"Thousand Oaks, CA"
135,"Englewood, CO"
136,"Fort Washington, PA"
137,"Deerfield, IL"
138,"Rochester, NY"
139,"Tucson, AZ"
140,"Lincoln, NE"
141,"Charleston, SC"
142,"Newark, NJ"
143,"San Mateo, CA"
144,"Chantilly, VA"
145,"Newark, CA"
146,"Quantico, VA"
147,"New Britain, CT"
148,"Raritan, NJ"
149,"Spring House, PA"
150,"Collegeville, PA"
151,"Pasadena, CA"
152,"San Ramon, CA"
153,"Florham Park, NJ"
154,"Research Triangle Park, NC"
155,"Anchorage, AK"
156,"Frisco, TX"
157,"Bothell, WA"
158,"Little Rock, AR"
159,"Littleton, CO"
160,California
161,"Tallahassee, FL"
162,"Louisville, CO"
163,"Peoria, IL"
164,"Wichita, KS"
165,"Tysons Corner, VA"
166,"Long Island City, NY"
167,"Brookfield, WI"
168,"Kirkland, WA"
169,"Newport Beach, CA"
170,"Tulsa, OK"
171,"Chesterfield, MO"
172,"Bridgewater, NJ"
173,"Hill AFB, UT"
174,"Saint Paul, MN"
175,"Bloomington, MN"
176,"Norfolk, VA"
177,"Vista, CA"
178,"Whippany, NJ"
179,"Franklin, TN"
180,"Iselin, NJ"
181,"Minnetonka, MN"
182,"Springfield, IL"
183,"Walnut Creek, CA"
184,"Sioux Falls, SD"
185,"Parsippany, NJ"
186,"Topeka, KS"
187,"Clearwater, FL"
188,"Spring, TX"
189,"New Haven, CT"
190,"Wilmington, NC"
191,"Birmingham, MI"
192,"Springfield, VA"
193,"Needham, MA"
194,"Framingham, MA"
195,"Manhattan, NY"
196,"Columbia, MD"
197,"Troy, MI"
198,"Glen Allen, VA"
199,"Providence, RI"
200,"Danvers, MA"
201,"Fort Mill, SC"
202,"Baton Rouge, LA"
203,"Woodland Hills, CA"
204,"Foster City, CA"
205,"Boca Raton, FL"
206,"Lake Forest, CA"
207,"Fort Wayne, IN"
208,"Reno, NV"
209,"Sandy Springs, GA"
210,"Brentwood, TN"
211,"Frederick, MD"
212,"Rosslyn, VA"
213,"Bloomington, IL"
214,"Concord, CA"
215,"Fort Bragg, NC"
216,"Franklin, WI"
217,"Livermore, CA"
218,"Glendale, CA"
219,"Wayne, PA"
220,"La Jolla, CA"
221,"Fort Belvoir, VA"
222,"Greensboro, NC"
223,"Cheyenne, WY"
224,"South San Francisco, CA"
225,"Silver Spring, MD"
226,"Redwood City, CA"
227,"Greenwood Village, CO"
228,"Southfield, MI"
229,"Berkeley, CA"
230,"Moline, IL"
231,"Chapel Hill, NC"
232,"Vancouver, WA"
233,"Markham, IL"
234,"Plymouth, MN"
235,"Woodcliff Lake, NJ"
236,"Estero, FL"
237,"Somerville, MA"
238,"Vienna, VA"
239,"Goleta, CA"
240,"San Bruno, CA"
241,"Lakeland, FL"
242,"Forest, MS"
243,"Chattanooga, TN"
244,"Folsom, CA"
245,"New Providence, NJ"
246,"Fort Gordon, GA"
247,"Richfield, MN"
248,"Rancho Cordova, CA"
249,"Windsor, CT"
250,"Mason, OH"
251,"Santa Ana, CA"
252,"Champaign, IL"
253,"Johnston, IA"
254,"Syracuse, NY"
255,"Jefferson City, MO"
256,"Bakersfield, CA"
257,"Fresno, CA"
258,"Brooklyn, NY"
259,"Norwalk, CT"
260,"Aurora, CO"
261,"Tonopah, AZ"
262,"Farmington, CT"
263,"Duluth, GA"
264,"College Station, TX"
265,"London, OR"
266,"Burlington, MA"
267,"Sterling, VA"
268,"Des Plaines, IL"
269,"Altamonte Springs, FL"
270,"East Hanover, NJ"
271,"Lithonia, GA"
272,"Lansing, MI"
273,"Grand Rapids, MI"
274,"Westlake, OH"
275,"Allentown, PA"
276,"Kelly, NC"
277,"Monterey Park, CA"
278,"Wpafb, OH"
279,"Wellington, MO"
280,"West Des Moines, IA"
281,"Montgomery, AL"
282,Texas
283,"West Lafayette, IN"
284,"Kansas City, KS"
285,"South Jordan, UT"
286,"Tysons, VA"
287,"Sunrise, FL"
288,"Juno Beach, FL"
289,"Trenton, NJ"
290,"Jackson, MS"
291,"New Brunswick, NJ"
292,"Brooklyn Park, MN"
293,"Blountstown, FL"
294,"Scott AFB, IL"
295,"El Paso, TX"
296,"Snellville, GA"
297,"Billerica, MA"
298,"Mooresville, NC"
299,"Seguin, TX"
300,"Savage, MD"
301,"Dallas-Fort Worth, TX"
302,"Provo, UT"
303,"North Charleston, SC"
304,"Orange, CA"
305,"Fort George G Meade, MD"
306,"Corning, NY"
307,"Ridgefield, CT"
308,"Northridge, CA"
309,"Mayfield Village, OH"
310,"Trumbull, CT"
311,"Denton, TX"
312,"Centennial, CO"
313,"Norcross, GA"
314,"Horsham, PA"
315,"Round Rock, TX"
316,"East Lansing, MI"
317,"Pasadena, TX"
318,"Dana Point, CA"
319,"Davidson, NC"
320,"Kasson, MN"
321,"Madison, NJ"
322,"Peachtree Corners, GA"
323,"Lynnville, TN"
324,"Eagan, MN"
325,"San Carlos, CA"
326,"Piscataway, NJ"
327,"Oldsmar, FL"
328,"Lake Mary, FL"
329,"Wheatland, CA"
330,"Brentwood, MD"
331,"Ashburn, VA"
332,"West Point, PA"
333,"Bedford, MA"
334,"Malibu, CA"
335,"Carrboro, NC"
336,"Gilbert, AZ"
337,"Woodbridge, NJ"
338,"White Plains, NY"
339,"Crystal City, VA"
340,"Newark, DE"
341,"Purchase, NY"
342,"El Dorado Hills, CA"
343,"Council, NC"
344,"Woburn, MA"
345,"Cornelius, OR"
346,"Grayson, GA"
347,"Dewitt, IL"
348,"San Clemente, CA"
349,"Westlake, TX"
350,"Sagaponack, NY"
351,"Davis, CA"
352,"North Wales, PA"
353,"Elk Grove, CA"
354,"Cerritos, CA"
355,"Bloomfield, CT"
356,"Westlake Village, CA"
357,"Lexington, KY"
358,"Patterson, CA"
359,"West Sacramento, CA"
360,"Livonia, MI"
361,"Hopkins, MN"
362,"Nampa, ID"
363,"Culver City, CA"
364,"Wright-Patterson AFB, OH"
365,"Westerville, OH"
366,"Schaumburg, IL"
367,"Ozona, FL"
368,"Carson City, NV"
369,"Linthicum, MD"
370,"Bondurant, IA"
371,"Virginia Beach, VA"
372,"Auburn Hills, MI"
373,"Woonsocket, RI"
374,"Iowa City, IA"
375,"Loveland, CO"
376,"Lexington, MA"
377,"Lantana, FL"
378,"Annapolis, MD"
379,"Morton, IL"
380,"Stafford, VA"
381,"Colonial Heights, VA"
382,"Oviedo, FL"
383,"Hosford, FL"
384,"Redlands, CA"
385,"Morristown, NJ"
386,"West McLean, VA"
387,"Covington, KY"
388,"Orange County, CA"
389,"Dublin, CA"
390,"Laurel, MD"
391,"Plainsboro, NJ"
392,"Vallejo, CA"
393,"Maplewood, MN"
394,"Clayton, MO"
395,"Hudsonville, MI"
396,"Frankfort, KY"
397,"Burke, VA"
398,"Gainesville, FL"
399,"Evanston, IL"
400,"Ewing, NJ"
401,"Cottonwood Heights, UT"
402,"Federal Way, WA"
403,"Columbus, IN"
404,"Virginia State University, VA"
405,"Pelham, NY"
406,"Grinnell, IA"
407,"Roswell, GA"
408,"Maitland, FL"
409,"Foothill Ranch, CA"
410,"Brandon, TX"
411,"Fort Collins, CO"
412,"Mahwah, NJ"
413,"Beachwood, OH"
414,"Abbott Park, IL"
415,"College Park, MD"
416,"Westborough, MA"
417,"Camden, NJ"
418,"Hopewell, VA"
419,"Dahlgren, VA"
420,"Pompano Beach, FL"
421,"Italy, TX"
422,"Meadow Vista, CA"
423,"Beavercreek, OH"
424,"Carrollton, TX"
425,"Lake Forest, IL"
426,"River Ranch, FL"
427,"Mayfield Heights, OH"
428,"Radnor, PA"
429,"Alameda, CA"
430,"Sun City, CA"
431,"Watertown, MA"
432,"Newton, MA"
433,"South Pekin, IL"
434,"Wilmington, MA"
435,"Sterling Heights, MI"
436,"Fort George G Mead Junction, MD"
437,"Hanover, NJ"
438,"Sanger, CA"
439,"Lenexa, KS"
440,"Rosemont, CA"
441,"West Chester, PA"
442,"Annandale, VA"
443,"Brewster, NY"
444,"Bloomington, CA"
445,"Fort Eustis, VA"
446,"Acworth, GA"
447,"Lafayette, OR"
448,"High Point, NC"
449,"Mainland, PA"
450,"Brookeville, MD"
451,"Branchburg, NJ"
452,"Plymouth, MI"
453,"Groton, CT"
454,"Westminster, CO"
455,"Fairfax, VA"
456,"Lafayette, LA"
457,"Charter Township of Commerce, MI"
458,"Bolingbrook, IL"
459,"Twinsburg, OH"
460,"Aliso Viejo, CA"
461,"Maryland Heights, MO"
462,"Rome, NY"
463,"Cypress, CA"
464,"Clearwater Beach, FL"
465,"New Hill, NC"
466,"Collierville, TN"
467,"Fort Meade, MD"
468,"Spencerville, MD"
469,"La Grange, KY"
470,Ohio
471,"Smyrna, GA"
472,"Plantation, FL"
473,"Lodi, CA"
474,"Arlington, TX"
475,"Oakville, CA"
476,"Farmington Hills, MI"
477,"Selma, CA"
478,"Chillum, MD"
479,"Lafayette, CA"
480,"Stanford, CA"
481,"Newtown Square, PA"
482,"Suwanee, GA"
483,"Coronado, CA"
484,"Augusta, GA"
485,"Teaneck, NJ"
486,"Addison, TX"
487,"Creve Coeur, MO"
488,"Hyattsville, MD"
489,"Springfield, MO"
490,"Sonoma, CA"
491,"Salem, OR"
492,"Playa Vista, CA"
493,"Jupiter, FL"
494,"Dania Beach, FL"
495,"Patuxent River Estates, MD"
496,"Los Gatos, CA"
497,"Ithaca, NY"
498,Virginia
499,"Modesto, CA"
500,"Richfield, OH"
501,"Midvale, UT"
502,"Mishawaka, IN"
503,"Oakdale, TN"
504,"Hercules, CA"
505,"Peabody, MA"
506,"San Rafael, CA"
507,"Moseley, VA"
508,Washington State
509,"Olympia, WA"
510,"Corcoran, CA"
511,"Eugene, OR"
512,"Sarasota, FL"
513,"Short Hills, NJ"
514,"Turlock, CA"
515,"Berkeley Heights, NJ"
516,"Fanwood, NJ"
517,"Decatur, GA"
518,"Hilliard, OH"
519,"Dulles, VA"
520,"Los Altos, CA"
521,"Maple Grove, MN"
522,"Canonsburg, PA"
523,"Danville, CA"
524,"Cedar Rapids, IA"
525,"Christmas, FL"
526,"Flower Mound, TX"
527,"Lonsdale, MN"
528,"Morgantown, WV"
529,"Gallatin, TN"
530,"Lawrenceville, GA"
531,"North, VA"
532,"Cranberry Township, PA"
533,"Cantrall, IL"
534,"Tarrytown, NY"
535,"Columbia, MO"
536,"Highland Heights, OH"
537,"Hunt Valley, MD"
538,"San Bernardino, CA"
539,"Shreveport, LA"
540,"Occoquan, VA"
541,"Auburn, CA"
542,"Glenn Dale, MD"
543,"Manville, NJ"
544,"Fairview Heights, IL"
545,"Newport, KY"
546,"Saint Peters, PA"
547,"Antioch, CA"
548,"Mounds View, MN"
549,"Groveport, OH"
550,"Telogia, FL"
551,"Endwell, NY"
552,"Weston, FL"
553,"Stem, NC"
554,"Summit, NJ"
555,"Mount Freedom, NJ"
556,"Urbana-Champaign, IL"
557,"Pataskala, OH"
558,"Egg Harbor Township, NJ"
559,"Carmel, IN"
560,"Gaston, OR"
561,"Roseville, CA"
562,"Sun City, FL"
563,"Hanover, MD"
564,"Adams, TN"
565,"Golden Valley, MN"
566,"Efland, NC"
567,"Mandeville, LA"
568,"Redan, GA"
569,"Dublin, NC"
570,"East Palo Alto, CA"
571,"Pomona, CA"
572,"Fairfield, OH"
573,"Brookside, NJ"
574,"West Palm Beach, FL"
575,"Bailey&#039;s Crossroads, VA"
576,"Oldwick, NJ"
577,"Rochester, MI"
578,"Claremont, MN"
579,"Middleton, WI"
580,"Lemont, IL"
581,"Miami Lakes, FL"
582,"The Woodlands, TX"
583,"Hollywood, FL"
584,"Racine, WI"
585,"Caldwell, NJ"
586,"North Chicago, IL"
587,"Delray Beach, FL"
588,"Monrovia, CA"
589,"Easton, MA"
590,"Harmans, MD"
591,"Vacaville, CA"
592,"Secaucus, NJ"
593,"Fort Myers, FL"
594,"Doraville, GA"
595,"Indian Lake Estates, FL"
596,"Rillito, AZ"
597,"Huntington Beach, CA"
598,"Chugiak, AK"
599,"Sparks, MD"
600,"DuPont, WA"
601,"Dickerson, MD"
602,"Lincolnshire, IL"
603,"Studley, VA"
604,"Port Washington, NY"
605,"Lino Lakes, MN"
606,"Mesquite, TX"
607,"San Leandro, CA"
608,"Henderson, NV"
609,"Doral, FL"
610,"Dayton, OR"
611,"Tigard, OR"
612,"Marysville, CA"
613,"Milford, MA"
614,"Paramus, NJ"
615,"Athens, IL"
616,"Sachse, TX"
617,"Dover, DE"
618,"Lewis Center, OH"
619,"Coraopolis, PA"
620,"Hoboken, NJ"
621,"Minneapolis-Saint Paul, MN"
622,"Chamblee, GA"
623,"Chicago Park, CA"
624,"Royal Palm Beach, FL"
625,"Stone Mountain, GA"
626,"Conshohocken, PA"
627,"Sonora, CA"
628,"Buellton, CA"
629,"Wellesley, MA"
630,"Mount Rainier, MD"
631,"Castro Valley, CA"
632,"Yardley, PA"
633,"Universal City, CA"
634,"Dowagiac, MI"
635,"Hollister, CA"
636,"Blue Bell, PA"
637,"Rome, GA"
638,"Quinton, VA"
639,"Peapack, NJ"
640,"Chatham, NJ"
641,"Hickam AFB, HI"
642,"Stewartville, MN"
643,"York, PA"
644,"Foxborough, MA"
645,"Franklin Lakes, NJ"
646,"Oakbrook Terrace, IL"
647,"Ocoee, TN"
648,"Garden Valley, CA"
649,"Leo-Cedarville, IN"
650,Nevada
651,"Normal, IL"
652,"Odessa, FL"
653,"Lotus, CA"
654,"Sacramento County, CA"
655,"Germantown, MD"
656,"Marlton, NJ"
657,"Goodspring, TN"
658,"Perris, CA"
659,"Adairville, KY"
660,"Camden, MO"
661,"Bynum, NC"
662,"Troutdale, OR"
663,"Blauvelt, NY"
664,"Buffalo Grove, IL"
665,"Riverdale, MD"
666,"Hinkley, CA"
667,"Greenacres, FL"
668,"O&#039;Fallon, MO"
669,"Belding, MI"
670,"Ashland, MO"
671,"Reading, PA"
672,"Somerville, NJ"
673,"Glenview, IL"
674,"Henrietta, MO"
675,"Amboy, WA"
676,"Albany, OR"
677,Michigan
678,"Linthicum Heights, MD"
679,"Bala-Cynwyd, PA"
680,"Beverly Hills, CA"
681,"Newton Upper Falls, MA"
682,"Montgomery Village, MD"
683,"Glendale, AZ"
684,"Lincoln Park, NJ"
685,"Camp Pendleton, CA"
686,"Chanhassen, MN"
687,"Bedminster, NJ"
688,"Royal Oak, MI"
689,"Belmont, MI"
690,"Henderson Hall, VA"
691,"Farner, TN"
692,"Rosemont, IL"
693,"Fairburn, GA"
694,"Coppell, TX"
695,"Providence Forge, VA"
696,"Schertz, TX"
697,"Rockville, VA"
698,"Pennington, NJ"
699,"Newtown, PA"
700,"Menomonee Falls, WI"
701,Oregon
702,"Ridgefield Park, NJ"
703,"Old Westbury, NY"
704,"Loudon, TN"
705,"Melville, NY"
706,"Greenbelt, MD"
707,"Savage, MN"
708,"Manassas, VA"
709,"Tamarac, FL"
710,"Mount Pleasant, WI"
711,"Oak Park, MI"
712,"Kentwood, MI"
713,"Ducktown, TN"
714,"Warrendale, PA"
715,"Kennesaw, GA"
716,"Wellington, FL"
717,"Whitehouse Station, NJ"
718,"Lansdowne, VA"
719,"Atlantic Highlands, NJ"
720,"Grand Prairie, TX"
721,"Celebration, FL"
722,"Bear Valley Springs, CA"
723,"Chester, NJ"
724,"Fairborn, OH"
725,"Mossville, IL"
726,"Meriden, CT"
727,"Midlothian, VA"
728,"Midland Park, NJ"
729,"Middlebury, CT"
730,"Hollywood, CA"
731,"Madison, AL"
732,"Westchester, IL"
733,"Quincy, MA"
734,"North Reading, MA"
735,"San Luis Obispo, CA"
736,"Santa Maria, CA"
737,"Ashland, VA"
738,"Grand Terrace, CA"
739,"Elizabethtown, NC"
740,"Queens, NY"
741,"Lorton, VA"
742,"Novi, MI"
743,"Allen, TX"
744,"North Little Rock, AR"
745,"Tuckerton, NJ"
746,"Loomis, CA"
747,North Carolina
748,"Olivette, MO"
749,"Las Colinas, TX"
750,"Waukesha, WI"
751,"Warren, MI"
752,"Hermann, MO"
753,"Gainesville, GA"
754,"Lincoln, CA"
755,"Beavercreek, OR"
756,"Mesa, AZ"
757,"Dinuba, CA"
758,"Liberty Corner, NJ"
759,"Palm Beach, FL"
760,"Josephine, TX"
761,"Lawrenceville, NJ"
762,"Beverly Hills, MI"
763,"Kensington, MD"
764,"Merced, CA"
765,"Joelton, TN"
766,"Martell, CA"
767,"Donald, OR"
768,"Bloomington, IN"
769,"Eyota, MN"
770,"Moraga, CA"
771,"Coral Springs, FL"
772,"Kohler, WI"
773,"Andrew, IA"
774,"Zarephath, NJ"
775,"Brisbane, CA"
776,"Fredericksburg, VA"
777,"East Syracuse, NY"
778,"Greenwich, CT"
779,"Creedmoor, NC"
780,"Oak Brook, IL"
781,"Tucker, GA"
782,"Diamond Bar, CA"
783,"Kennedy Township, PA"
784,"Torrance, CA"
785,"Ironia, NJ"
786,"Allen Park, MI"
787,"Cheltenham, MD"
788,"Murfreesboro, TN"
789,"Cabin John, MD"
790,"New Castle, DE"
791,"Maryland, NY"
792,"Scotch Plains, NJ"
793,"Oxford, OH"
794,"Wyandotte, MI"
795,"Bernardsville, NJ"
796,"Leland, NC"
797,"Jackson, MI"
798,"Camas, WA"
799,"Manquin, VA"
800,"Marlborough, MA"
801,"Brinklow, MD"
802,"Fair Oaks Ranch, TX"
803,"Bradenton, FL"
804,"Lees Summit, MO"
805,"East Lake, FL"
806,"Goodyear, AZ"
807,"Lewisville, TX"
808,"Riegelwood, NC"
809,"French Camp, CA"
810,"Hoffman Estates, IL"
811,"Berwyn, PA"
812,"Township of Logan, NJ"
813,"Grand Haven, MI"
814,"Sleepy Hollow, NY"
815,"El Sobrante, CA"
816,"Mendham, NJ"
817,"San Juan Capistrano, CA"
818,"Laramie, WY"
819,"Davidsonville, MD"
820,"Pearl Harbor, HI"
821,"Austin, MN"
822,"Spring Valley, NY"
823,"Coral Gables, FL"
824,"Fairport, NY"
825,"Rahway, NJ"
826,"Sorrento, FL"
827,"Fort Benning, GA"
828,"Johnston, RI"
829,"Auxvasse, MO"
830,"River Rouge, MI"
831,"Vauxhall, NJ"
832,"Emmons, MN"
833,"Vadnais Heights, MN"
834,"Smyrna, TN"
835,"Foresthill, CA"
836,"Ballston, VA"
837,"Anacostia, DC"
838,"Webster, MA"
839,"Springbrook, IA"
840,"Township of Hamilton, NJ"
841,"Loma Linda, CA"
842,"Scappoose, OR"
843,"Lamont, MI"
844,"Oahu Island, HI"
845,"Lake Elsinore, CA"
846,"East Cambridge, MA"
847,"Whitehall, MI"
848,"Encino, CA"
849,"Saint Paul, OR"
850,"Montclair, NJ"
851,"Arnold, MO"
852,"Marietta, GA"
853,"Hershey, PA"
854,"Mountain Lakes, NJ"
855,"Merritt Island, FL"
856,"Columbia, IL"
857,"Depew, NY"
858,"Staples, TX"
859,"Little Falls, NJ"
860,"Ada, MI"
861,"Shoreview, MN"
862,"Ardmore, TN"
863,"Fort Leavenworth, KS"
864,"Franklin Park, IL"
865,"Thayer, IL"
866,"Bellflower, CA"
867,"Hoover, AL"
868,"Hayward, CA"
869,"Portsmouth, VA"
870,"Franklinton, NC"
871,"Harper Woods, MI"
872,"Quail Valley, CA"
873,"Waterford, CT"
874,"Indian Rocks Beach, FL"
875,"Westbury, NY"
876,"Mill Neck, NY"
877,"Odin, IL"
878,"Lagunitas, CA"
879,"Zephyrhills, FL"
880,"Mount Clemens, MI"
881,"Township of Hopewell, NJ"
882,"Albertson, NY"
883,"O&#039;Fallon, IL"
884,"Orlando, NY"
885,"Renton, WA"
886,"Lilburn, GA"
887,"Rohnert Park, CA"
888,"Prince George, VA"
889,"Girard, IL"
890,"Meridian, ID"
891,"Sandston, VA"
892,"Springfield, MA"
893,"Minor Hill, TN"
894,"Shaker Heights, OH"
895,"Township of O&#039;Fallon, IL"
896,"Oilville, VA"
897,"Weston, MA"
898,"Emden, IL"
899,"Sun City Center, FL"
900,"Dexter, MN"
901,"Ventura, CA"
902,"Uniontown, OH"
903,"Fairfax Station, VA"
904,"Madisonville, TN"
905,"East Hartford, CT"
906,"Mebane, NC"
907,"Aspen Hill, MD"
908,"Naval Anacost Annex, DC"
909,"Maryvale, MD"
910,"Concord, NH"
911,"Larkspur, CA"
912,"Manito, IL"
913,"Dacono, CO"
914,"Landover Hills, MD"
915,"Clifton, VA"
916,"Canton, MI"
917,"Hicksville, NY"
918,"Montrose, NY"
919,"Lake Oswego, OR"
920,"Vernon, CA"
921,"Columbus, NY"
922,"Martindale, TX"
923,"Niles, MI"
924,"Lynwood, CA"
925,"Pluckemin, NJ"
926,"Clackamas, OR"
927,"Marshall, TX"
928,"Luling, TX"
929,"Glassboro, NJ"
930,"Tebbetts, MO"
931,"Fort Sam Houston, TX"
932,"Sturtevant, WI"
933,"Prairieville, LA"
934,"Palmyra, IL"
935,"Redstone Arsenal, AL"
936,"Franklin, MA"
937,"West, TX"
938,"Geneva, FL"
939,"Coralville, IA"
940,"Brookline Village, MA"
941,"Cove City, NC"
942,"Saukville, WI"
943,"Wewahitchka, FL"
944,"Clinton, MD"
945,"Camp Lejeune, NC"
946,"Stirling, NJ"
947,"Mount Holly, VA"
948,"North Brunswick, NJ"
949,"Bethpage, NY"
950,"Great Neck, NY"
951,"Upper Montclair, NJ"
952,"Foggy Bottom, DC"
953,"Crab Orchard, TN"
954,"Jonesboro, GA"
955,"Highland Falls, NY"
956,"Doylestown, PA"
957,"North, SC"
958,"Dunellen, NJ"
959,"Riverview, FL"
960,"Anaheim, CA"
961,"Roselle, NJ"
962,"Southlake, TX"
963,"Cumming, GA"
964,"Eldorado Springs, CO"
965,"Apollo Beach, FL"
966,"Chula Vista, CA"
967,"Flanders, NJ"
968,"Paulding, OH"
969,"North Billerica, MA"
970,"South Bend, IN"
971,"Temple Terrace, FL"
972,"Venus, TX"
973,"Newtown, CT"
974,"Napoleon, MO"
975,"Tovey, IL"
976,"Scarsdale, NY"
977,"Ames, IA"
978,"Union, NJ"
979,"Wayzata, MN"
980,"Cheshire, CT"
981,"Clarksville, MD"
982,"Ashland City, TN"
983,"Tustin, CA"
984,"Conyers, GA"
985,"Duarte, CA"
986,"Tampa Palms, FL"
987,"Moorestown, NJ"
988,"Ontario, CA"
989,"Mid Florida, FL"
990,"Tewksbury, MA"
991,"Audubon, PA"
992,"Priceville, AL"
993,"Dubuque, IA"
994,"South Solon, OH"
995,"Evergreen Park, IL"
996,"Butler, NJ"
997,"La Crescenta, CA"
998,"Balch Springs, TX"
999,"Castle Rock, MN"
1000,"Castle Hills, TX"
1001,"Sylmar, CA"
1002,"Ringgold, GA"
1003,"Gurley, AL"
1004,"Morrow, GA"
1005,"Chesterfield, VA"
1006,"Oxford, NJ"
1007,"Citrus Heights, CA"
1008,"Sinsinawa, WI"
1009,"Dutch Flat, CA"
1010,"Solon, OH"
1011,"San Anselmo, CA"
1012,"Lake Wales, FL"
1013,"East Springfield, OH"
1014,"Mark Center, OH"
1015,"Gillette, NJ"
1016,"Dillard, OR"
1017,"Rocky Point, NC"
1018,"Kaysville, UT"
1019,"Timberlake, NC"
1020,"Newberg, OR"
1021,"Saint Louis Park, MN"
1022,"Carver, MN"
1023,"West Bountiful, UT"
1024,"Marietta, PA"
1025,"Spring Park, MN"
1026,"New Jersey Wildlife and Game Refuge, NJ"
1027,"Brighton, CO"
1028,"Evergreen, CO"
1029,"Playa del Rey, CA"
1030,"Delano, TN"
1031,"Dunn Loring, VA"
1032,"Centreville, VA"
1033,"Crystal Beach, FL"
1034,"Pembroke Pines, FL"
1035,"Oakdale, MN"
1036,"Sanborn, NY"
1037,"Erlanger, KY"
1038,"Sutter, CA"
1039,"Ferndale, FL"
1040,"Madison, NY"
1041,"East Peoria, IL"
1042,"Vicksburg, MS"
1043,"Lafayette, IN"
1044,"Mullica Hill, NJ"
1045,"Coopersburg, PA"
1046,"Wesley Chapel, FL"
1047,"Kalamazoo, MI"
1048,Illinois
1049,"American Fork, UT"
1050,"Flint, MI"
1051,"Edgewater, MD"
1052,"Columbiana, OH"
1053,"Adkins, TX"
1054,"Evensville, TN"
1055,"Trapper Creek, AK"
1056,"Newman, CA"
1057,"Sanford, FL"
1058,"New Market, AL"
1059,"Washington, PA"
1060,"Centerville, UT"
1061,"Fort Shafter, HI"
1062,"Mobile, AL"
1063,"Cleveland, MN"
1064,"North Andover, MA"
1065,"DeBary, FL"
1066,"Forreston, TX"
1067,"Fayetteville, NC"
1068,"Haw River, NC"
1069,"McDonough, GA"
1070,"Riverside, CA"
1071,"Fairview, OR"
1072,"Cherry Hill, NJ"
1073,"Alden, MN"
1074,"Long Island, NY"
1075,"Wharton, NJ"
1076,"DeSoto, TX"
1077,"Wheeling, WV"
1078,"Union Pier, MI"
1079,"Somerset, TX"
1080,"Manchester, NH"
1081,"Sugar Hill, GA"
1082,"North Olmsted, OH"
1083,"Petersburg, TN"
1084,"Paeonian Springs, VA"
1085,"Setauket, NY"
1086,"Ten Mile, TN"
1087,"American Canyon, CA"
1088,"Bowie, MD"
1089,"River Edge, NJ"
1090,"Beltsville, MD"
1091,"Decatur, AL"
1092,"Prides Crossing, MA"
1093,"Bethpage, TN"
1094,"Bridgeton, MO"
1095,"Edina, MN"
1096,"Pismo Beach, CA"
1097,"Poolesville, MD"
1098,"Otay Mesa, CA"
1099,"Brookline, MA"
1100,"Trenton, OH"
1101,"Jamestown, TN"
1102,"Kathleen, FL"
1103,"Bloomfield, NJ"
1104,"Elyria, OH"
1105,"Armonk, NY"
1106,"Harrells, NC"
1107,"Aiken County, SC"
1108,"Bloomingdale, OH"
1109,"Severn, MD"
1110,"Conger, MN"
1111,"Lavon, TX"
1112,"North Collins, NY"
1113,"Newington, VA"
1114,"Saint Cloud, FL"
1115,"Belmont, CA"
1116,"Holland, MI"
1117,"Tonawanda, NY"
1118,"Langley AFB, VA"
1119,"Bedford, TX"
1120,"Marin City, CA"
1121,"North Augusta, SC"
1122,"Lone Tree, CO"
1123,"Linn, MO"
1124,"Buckeye, AZ"
1125,"Palisades, NY"
1126,"Dedham, MA"
1127,"Cottontown, TN"
1128,"West Mifflin, PA"
1129,"Georgetown, TX"
1130,"Dayton, MD"
1131,"Roosevelt, AZ"
1132,"Gales Creek, OR"
1133,"Peachtree City, GA"
1134,"Centerview, MO"
1135,"Surprise, AZ"
1136,"Saint Charles, MO"
1137,"Oradell, NJ"
1138,"Frost, TX"
1139,"Wake County, NC"
1140,"Orangeburg, SC"
1141,"Independence, MO"
1142,"Langhorne, PA"
1143,"Lackland AFB, TX"
1144,"Rockledge, FL"
1145,"Marblehead, MA"
1146,"Pittsboro, NC"
1147,"Carteret, NJ"
1148,"Bayville, NJ"
1149,"Mount Sterling, MO"
1150,"Dexter, MI"
1151,"Newport Coast, CA"
1152,"Forest Grove, OR"
1153,"Maricopa County, AZ"
1154,"Safety Harbor, FL"
1155,"Island, KY"
1156,"Cupertino, CA"
1157,"JBSA Randolph, TX"
1158,"Lombard, IL"
1159,"Canton, GA"
1160,"Mount Horeb, WI"
1161,"Boston, OH"
1162,"Horseheads, NY"
1163,"Boulder County, CO"
1164,"Lawrence, MS"
1165,"Virden, IL"
1166,"Prairie Lea, TX"
1167,"Saugus, MA"
1168,"Beverly, MA"
1169,"Washington, MI"
1170,Minnesota
1171,"Calumet City, IL"
1172,"Pegram, TN"
1173,"Waltham, MN"
1174,"Tuscaloosa, AL"
1175,"Keyport, NJ"
1176,"Cannonsburg, MI"
1177,"Capitol Heights, MD"
1178,"Ambler, PA"
1179,"Hingham, MA"
1180,"Bend, OR"
1181,"Ladera Ranch, CA"
1182,"Charlestown, MA"
1183,"Delafield, WI"
1184,"Millbrae, CA"
1185,"Dunwoody, GA"
1186,"Crescent, PA"
1187,"Carlstadt, NJ"
1188,"Hillsdale, NJ"
1189,"Battle Creek, MI"
1190,"Golden, CO"
1191,"Monmouth Junction, NJ"
1192,Florida
1193,"Lincoln, RI"
1194,"Chatsworth, NJ"
1195,"Shrewsbury, MA"
1196,"Largo, MD"
1197,"White House, TN"
1198,"Ridgefield, WA"
1199,"Fishers, IN"
1200,"New Canaan, CT"
1201,"Gold Run, CA"
1202,"Miami Beach, FL"
1203,"Parlin, NJ"
1204,"Union City, CA"
1205,"Diablo, CA"
1206,"Argyle, TX"
1207,"Cold Spg Hbr, NY"
1208,"New City, NY"
1209,"North Chelmsford, MA"
1210,"Currie, NC"
1211,"Erwinna, PA"
1212,"Langeloth, PA"
1213,"Orrick, MO"
1214,"Wellesley Hills, MA"
1215,"Damascus, OH"
1216,"Hartsburg, MO"
1217,"Falcon, CO"
1218,"Tualatin, OR"
1219,"Waterville, MN"
1220,"Dutzow, MO"
1221,"Conway, AR"
1222,"Mechanicsville, MD"
1223,"Penryn, CA"
1224,Tennessee
1225,"Greeley, CO"
1226,"Irwindale, CA"
1227,"Exton, PA"
1228,"Whitestone, NY"
1229,"Nichols, FL"
1230,"Sahuarita, AZ"
1231,"Miamisburg, OH"
1232,"Edwardsville, IL"
1233,"Belmont, TX"
1234,"Fountain Hills, AZ"
1235,"Napa, CA"
1236,"Buffalo Junction, VA"
1237,"La Porte, TX"
1238,"Simpsonville, MD"
1239,"Top, PA"
1240,"Springfield, OH"
1241,"Holiday, FL"
1242,"Mooresville, AL"
1243,"Crane, IN"
1244,"Waleska, GA"
1245,"Naval Base, VA"
1246,"West Granby, CT"
1247,"Turtletown, TN"
1248,"Chestnut Hill, MA"
1249,"Bryans Road, MD"
1250,"District Heights, MD"
1251,New Mexico
1252,"Takoma Park, MD"
1253,"Morrison, MO"
1254,"Bonsall, CA"
1255,"Adelphi, MD"
1256,"Lebanon, TN"
1257,"Towson, MD"
1258,"Barberton, OH"
1259,"Campbell, CA"
1260,"Kettering, OH"
1261,"Hampton, VA"
1262,"Center, IN"
1263,"Township of Libertyville, IL"
1264,"Riverdale, NJ"
1265,"Piedmont, CA"
1266,"Delano, CA"
1267,"JBER, AK"
1268,"Belfast, TN"
1269,"Cocoa, FL"
1270,"Wayland, MI"
1271,"Blue Springs, MO"
1272,"Cortland, NY"
1273,"Washington Grove, MD"
1274,"Mount Bethel, PA"
1275,"Highland, CA"
1276,"Cologne, MN"
1277,"Munsey Park, NY"
1278,"Oldhams, VA"
1279,"Winter Springs, FL"
1280,"Croton-on-Hudson, NY"
1281,"Longwood, FL"
1282,"Winthrop, MA"
1283,"Niota, TN"
1284,"Allendale, MI"
1285,"Cherry Log, GA"
1286,"Andrews AFB, MD"
1287,"Redondo Beach, CA"
1288,"Alamo, CA"
1289,"Wells, MN"
1290,"Truesdale, MO"
1291,"Uhrichsville, OH"
1292,"Wawa, PA"
1293,"Fairfield, CT"
1294,"Abell, MD"
1295,"Yamhill, OR"
1296,"Castle Rock, CO"
1297,"Ruskin, FL"
1298,"Millis, MA"
1299,"Dunedin, FL"
1300,"Grover Hill, OH"
1301,"West Chester, OH"
1302,"Natick, MA"
1303,"Navesink, NJ"
1304,"La Vergne, TN"
1305,"Swedesboro, NJ"
1306,"Land O&#039; Lakes, FL"
1307,"Lakeland, MI"
1308,"Fort Lee, VA"
1309,"Loose Creek, MO"
1310,"Howard Beach, NY"
1311,"Hammond, IN"
1312,"Schofield Barracks, HI"
1313,"Garden City, MI"
1314,"West Bend, WI"
1315,"Salisbury, NC"
1316,"Atherton, CA"
1317,"Suffern, NY"
1318,"Suitland, MD"
1319,"Wilsonville, OR"
1320,"Union Grove, AL"
1321,"Murrieta, CA"
1322,"Kensington, OH"
1323,"Geronimo, TX"
1324,"South Bound Brook, NJ"
1325,"Unionville Center, OH"
1326,"Sparks Glencoe, MD"
1327,"Green Bay, WI"
1328,"Edison, NJ"
1329,"Rex, GA"
1330,"Sydney, FL"
1331,"El Mirage, AZ"
1332,"Lubbock, TX"
1333,"Collinsville, OH"
1334,"Rodeo, CA"
1335,"Calabasas, CA"
1336,"Old Greenwich, CT"
1337,"Dania, FL"
1338,"North Palm Beach, FL"
1339,"Kenilworth, NJ"
1340,"Hutchins, TX"
1341,"Gladstone, NJ"
1342,"Holladay, UT"
1343,"Dalton, GA"
1344,"Hampton Roads, VA"
1345,"Orrville, OH"
1346,"Clarkston, GA"
1347,"Lawrence, KS"
1348,"Placerville, CA"
1349,"Madden, MS"
1350,"Chester, VA"
1351,"Hermitage, TN"
1352,"Shavano Park, TX"
1353,"Park Ridge, NJ"
1354,"Township of Warren, NJ"
1355,"Belvedere Tiburon, CA"
1356,"Tracy, CA"
1357,"Big Lake, AK"
1358,"Coopersville, MI"
1359,"Norwood, NJ"
1360,"Beachwood, NJ"
1361,"Corvallis, OR"
1362,"Palm Beach Gardens, FL"
1363,"Fort Washington, MD"
1364,"Olathe, KS"
1365,"Ridgeland, MS"
1366,"Deer Valley, AZ"
1367,"Hillsborough, NC"
1368,"Warren, OR"
1369,"Morris Plains, NJ"
1370,"Charles City, IA"
1371,"San Fernando, CA"
1372,"Era, TX"
1373,"Braintree, MA"
1374,"Montgomery County, PA"
1375,"Chesterfield County, VA"
1376,"Fort Lee, NJ"
1377,"Owatonna, MN"
1378,"Manchester, MI"
1379,"Charles City, VA"
1380,"Columbus, GA"
1381,"Grabill, IN"
1382,"Trenton, AL"
1383,"King William, VA"
1384,"Lytle, TX"
1385,"Medway, MA"
1386,"Frontenac, MO"
1387,"Aberdeen Proving Ground, MD"
1388,"Palm Springs, CA"
1389,"Lebanon, OH"
1390,"Rio Medina, TX"
1391,"Dodgeville, WI"
1392,"Stovall, NC"
1393,"Offutt AFB, NE"
1394,"Jones Creek, GA"
1395,"Sheridan, CA"
1396,"Lanoka Harbor, NJ"
1397,"Milford Center, OH"
1398,"Michigan City, IN"
1399,"Pico Rivera, CA"
1400,"Flat Rock, MI"
1401,New Jersey
1402,"Walnut Grove, MS"
1403,Colorado
1404,"El Verano, CA"
1405,"Cross Plains, TN"
1406,"Akron, OH"
1407,"Washington Navy Yard, DC"
1408,"Adamstown, MD"
1409,"Vineburg, CA"
1410,"South Riding, VA"
1411,"Murray, UT"
1412,"Elizabethport, NJ"
1413,"Canton, IL"
1414,"Manning, OR"
1415,"Citrus Park, FL"
1416,"Sweetwater, TN"
1417,Utah
1418,"Dublin, GA"
1419,"Tacoma, WA"
1420,"Riverton, UT"
1421,"Glen Echo, MD"
1422,"Palo Verde, AZ"
1423,"Roy, UT"
1424,"Holy Cross, IA"
1425,"New Kensington, PA"
1426,"Jasper, GA"
1427,"Glenwood, MD"
1428,"Lexington, MO"
1429,"Urbana, IL"
1430,"Nyack, NY"
1431,"Woodacre, CA"
1432,"Stockton, NJ"
1433,"Groveland, FL"
1434,"Pikesville, MD"
1435,"Pittstown, NJ"
1436,"Hudson, MA"
1437,"Saint Albans, MO"
1438,"Vernon Rockville, CT"
1439,"Represa, CA"
1440,"Azusa, CA"
1441,"Port Richey, FL"
1442,"Aliquippa, PA"
1443,"West Linn, OR"
1444,"Shawnee Mission, KS"
1445,"Greenvale, NY"
1446,"Wilson, NC"
1447,"Mahoning, OH"
1448,"Riceville, TN"
1449,"Atlantic City, NJ"
1450,"Pottersville, NJ"
1451,"Lake, MS"
1452,"Auburn, WA"
1453,"Bridgeport, CT"
1454,"Jamestown, MI"
1455,"Rayville, MO"
1456,"Union City, NJ"
1457,"Blue Ridge, GA"
1458,"Deer Park, CA"
1459,"Cudahy, CA"
1460,"Southaven, MS"
1461,"Easton, IL"
1462,"Carrollwood, FL"
1463,"Whitman, MA"
1464,"Middlesex, NJ"
1465,"Kenner, LA"
1466,"San Jose, IL"
1467,"Pinecliffe, CO"
1468,"Salt Lake County, UT"
1469,"Upton, NY"
1470,"Westwood, NJ"
1471,"Tukwila, WA"
1472,"Jenison, MI"
1473,"Venice, CA"
1474,"Buena Park, CA"
1475,"Savanna Place, GA"
1476,"Pompton Plains, NJ"
1477,"Atlantic Beach, NY"
1478,"New Holland, PA"
1479,"Yalaha, FL"
1480,"La Mirada, CA"
1481,"Redwood Shores, CA"
1482,"Colesville, MD"
1483,"Willard, NC"
1484,"Arden Hills, MN"
1485,"Bronx, NY"
1486,"Fombell, PA"
1487,"Ostrander, OH"
1488,"Titusville, FL"
1489,"Dolton, IL"
1490,"Farmington, MI"
1491,"Boring, OR"
1492,"Nanuet, NY"
1493,"Manatee County, FL"
1494,"Doswell, VA"
1495,"Benton, WI"
1496,"Universal City, TX"
1497,"Verona, WI"
1498,"Pontiac, MI"
1499,"Conklin, MI"
1500,"Convent Station, NJ"
1501,"Forest Park, GA"
1502,"Timonium, MD"
1503,"Tarzana, CA"
1504,"Belleair Beach, FL"
1505,"Glenarm, IL"
1506,"Viera, FL"
1507,"Middletown, CT"
1508,"Laguna Hills, CA"
1509,"Morgan Hill, CA"
1510,"Lyons, NJ"
1511,"New Kent, VA"
1512,"Carefree, AZ"
1513,"Beverly Shores, IN"
1514,"Marina del Rey, CA"
1515,"Andover, CT"
1516,"Spokane, WA"
1517,"Inglewood, CA"
1518,"Lansing, MN"
1519,"Dawsonville, GA"
1520,"Kingsville, MO"
1521,"Saint Helena, CA"
1522,"Chelmsford, MA"
1523,"Fargo, ND"
1524,"Newport, RI"
1525,"Melrose, MA"
1526,"Suburb Maryland Fac, MD"
1527,"Liverpool, IL"
1528,"Gwinnett County, GA"
1529,"Bardwell, TX"
1530,"Lisle, IL"
1531,"White Plains, MD"
1532,"Benton, TN"
1533,"Inver Grove Heights, MN"
1534,"Hyde Park, MA"
1535,"Milford, OH"
1536,"Worcester, MA"
1537,"Athol Springs, NY"
1538,"Highland, MD"
1539,"Marne, MI"
1540,"Montgomery City, MO"
1541,"Atascosa, TX"
1542,"Kirkwood, MO"
1543,"Smithfield, RI"
1544,"Lakeshore, FL"
1545,"Sibley, MO"
1546,"Marana, AZ"
1547,"Euless, TX"
1548,"Macdona, TX"
1549,"Mechanicsville, VA"
1550,"Penn Valley, CA"
1551,"Smithfield, VA"
1552,"Lockbourne, OH"
1553,"Saline, MI"
1554,"Port Republic, MD"
1555,"Park Ridge, IL"
1556,"Aylett, VA"
1557,"Macungie, PA"
1558,"Richmond, CA"
1559,"Lanham, MD"
1560,"Dunkirk, MD"
1561,"East Liverpool, OH"
1562,"Liverpool, NY"
1563,"Aberdeen, MD"
1564,"Downers Grove, IL"
1565,"Durant, FL"
1566,"Rolling Meadows, IL"
1567,"Watchung, NJ"
1568,"McKinney, TX"
1569,"Woodlawn, MD"
1570,"Red Wing, MN"
1571,"Southborough, MA"
1572,"Hurdle Mills, NC"
1573,"Forest Hills, NY"
1574,"Nellis AFB, NV"
1575,"Rhineland, MO"
1576,"Offutt A F B, NE"
1577,"Ypsilanti, MI"
1578,"Northfield, NJ"
1579,"Westmont, IL"
1580,"Marbury, MD"
1581,"Wixom, MI"
1582,"Old Fort, TN"
1583,"Casselberry, FL"
1584,"New Braunfels, TX"
1585,"Old Hickory, TN"
1586,"Crosbyton, TX"
1587,"Middletown, NJ"
1588,"Grapevine, TX"
1589,"Texas City, TX"
1590,"Bartlesville, OK"
1591,"Cherry Hill, DE"
1592,"Hawthorne, CA"
1593,"Lone Jack, MO"
1594,"Westmoreland, TN"
1595,"Loveland, OH"
1596,"Lake Worth, FL"
1597,"Harrisburg, PA"
1598,"Conasauga, TN"
1599,"Orange, NJ"
1600,"Delco, NC"
1601,"Chaska, MN"
1602,"Fairfield, NJ"
1603,"Storrs, CT"
1604,"Trabuco Canyon, CA"
1605,"Taylors Island, MD"
1606,"Melbourne, FL"
1607,"Lane, IL"
1608,"Williamsville, NY"
1609,"Crapo, MD"
1610,"Dover, MA"
1611,"Itasca, IL"
1612,"Ridgefield, NJ"
1613,"Lithia, FL"
1614,"Leming, TX"
1615,"Windsor Mill, MD"
1616,New York State
1617,"Mitchellville, MD"
1618,"Brea, CA"
1619,"Dodge Center, MN"
1620,"New Hyde Park, NY"
1621,"Ace, TX"
1622,"Saxapahaw, NC"
1623,"Williamsburg, MO"
1624,"York, NY"
1625,"Holliston, MA"
1626,"Matteson, IL"
1627,"Chapmansboro, TN"
1628,"Yorktown Heights, NY"
1629,"Daly City, CA"
1630,"Keyport, WA"
1631,"Wasilla, AK"
1632,"Opportunity, WA"
1633,"Rancho Cucamonga, CA"
1634,"Saint David, IL"
1635,"Heathsville, VA"
1636,"Bogota, NJ"
1637,"El Granada, CA"
1638,"Jericho, NY"
